{"stats":{"minecraft:used":{"minecraft:wooden_pickaxe":2},"minecraft:mined":{"minecraft:cobblestone":2},"minecraft:picked_up":{"minecraft:cobblestone":2},"minecraft:custom":{"minecraft:jump":9,"minecraft:open_chest":2,"minecraft:time_since_rest":5898,"minecraft:sprint_one_cm":2162,"minecraft:leave_game":2,"minecraft:play_time":5898,"minecraft:time_since_death":5898,"minecraft:walk_one_cm":3936,"minecraft:sneak_time":54,"minecraft:climb_one_cm":618,"minecraft:total_world_time":5898,"minecraft:fall_one_cm":478,"minecraft:fly_one_cm":143}},"DataVersion":3120}