{"stats":{"minecraft:used":{"minecraft:wooden_axe":14,"hunting_delight:sheepcorpse":1,"minecraft:shield":4,"minecraft:leather_boots":2,"minecraft:wooden_sword":5,"minecraft:crafting_table":1},"minecraft:mined":{"minecraft:large_fern":6,"minecraft:birch_log":9,"projectvibrantjourneys:bones":2,"hunting_delight:sheepcorpse":1,"minecraft:crafting_table":1,"minecraft:grass":10,"projectvibrantjourneys:twigs":1,"projectvibrantjourneys:short_grass":6,"minecraft:cobweb":1,"minecraft:fern":1},"minecraft:killed":{"minecraft:sheep":1,"apocalypsenow:walker_20":1,"apocalypsenow:walker_17":1,"apocalypsenow:runner_51":1,"apocalypsenow:walker_2":1},"minecraft:picked_up":{"minecraft:birch_log":9,"minecraft:stick":2,"minecraft:crafting_table":2,"hunting_delight:humanmeat":16,"minecraft:birch_planks":27,"minecraft:shield":3,"hunting_delight:animal_fat":2,"minecraft:string":4,"minecraft:wooden_sword":4,"minecraft:leather_boots":4,"hunting_delight:sheepcorpse":1,"minecraft:rotten_flesh":7,"apocalypsenow:human_flesh":6,"minecraft:wheat_seeds":2,"hunting_delight:broken_bone":40,"minecraft:bread":36,"minecraft:birch_sapling":2,"minecraft:mutton":4,"minecraft:white_wool":2,"minecraft:wooden_axe":1},"minecraft:crafted":{"minecraft:crafting_table":1,"minecraft:stick":4,"minecraft:wooden_axe":1,"minecraft:birch_planks":36},"minecraft:killed_by":{"apocalypsenow:runner_55":1,"apocalypsenow:walker_17":1,"minecraft:skeleton":1,"apocalypsenow:runner_51":1},"minecraft:custom":{"minecraft:time_since_rest":1618,"minecraft:sprint_one_cm":25638,"minecraft:damage_taken":1186,"minecraft:walk_one_cm":22757,"minecraft:damage_blocked_by_shield":135,"minecraft:mob_kills":5,"minecraft:damage_dealt":635,"minecraft:interact_with_crafting_table":2,"minecraft:fly_one_cm":66547,"minecraft:open_chest":3,"minecraft:crouch_one_cm":139,"minecraft:play_time":19769,"minecraft:deaths":5,"minecraft:sneak_time":342,"minecraft:jump":208,"minecraft:leave_game":1,"minecraft:time_since_death":1590,"minecraft:walk_on_water_one_cm":203,"minecraft:sleep_in_bed":1,"minecraft:climb_one_cm":19825,"minecraft:total_world_time":19769,"minecraft:fall_one_cm":5934}},"DataVersion":3120}