{"stats":{"minecraft:used":{"minecraft:wooden_sword":5,"minecraft:leather_boots":1},"minecraft:mined":{"minecraft:cobweb":1},"minecraft:killed":{"apocalypsenow:walker_20":1,"apocalypsenow:walker_17":1},"minecraft:picked_up":{"minecraft:wooden_sword":3,"minecraft:leather_boots":3,"minecraft:rotten_flesh":2,"hunting_delight:humanmeat":10,"apocalypsenow:human_flesh":3,"hunting_delight:broken_bone":14,"minecraft:bread":27,"minecraft:shield":3,"minecraft:string":3},"minecraft:killed_by":{"minecraft:skeleton":1,"apocalypsenow:walker_17":1},"minecraft:custom":{"minecraft:open_chest":1,"minecraft:time_since_rest":2482,"minecraft:crouch_one_cm":4,"minecraft:play_time":11657,"minecraft:sprint_one_cm":7909,"minecraft:walk_one_cm":10440,"minecraft:damage_taken":540,"minecraft:deaths":3,"minecraft:sneak_time":222,"minecraft:mob_kills":2,"minecraft:jump":51,"minecraft:damage_dealt":200,"minecraft:walk_on_water_one_cm":203,"minecraft:time_since_death":2459,"minecraft:total_world_time":11657,"minecraft:climb_one_cm":11270,"minecraft:fall_one_cm":3008,"minecraft:fly_one_cm":21620}},"DataVersion":3120}