{
  "minecraft:recipes/tools/fishing_rod": {
    "criteria": {
      "has_string": "2024-07-01 01:42:04 +0000"
    },
    "done": true
  },
  "minecraft:recipes/combat/bow": {
    "criteria": {
      "has_string": "2024-07-01 01:42:04 +0000"
    },
    "done": true
  },
  "minecraft:recipes/building_blocks/white_wool_from_string": {
    "criteria": {
      "has_string": "2024-07-01 01:42:04 +0000"
    },
    "done": true
  },
  "minecraft:recipes/transportation/dark_oak_boat": {
    "criteria": {
      "in_water": "2024-07-01 01:48:23 +0000"
    },
    "done": true
  },
  "incendium:technical/using/trailblazer": {
    "criteria": {
      "log_spam_fixer": "2024-07-01 01:39:44 +0000"
    },
    "done": false
  },
  "minecraft:adventure/kill_a_mob": {
    "criteria": {
      "minecraft:blaze": "2024-07-01 01:48:17 +0000",
      "minecraft:pillager": "2024-07-01 01:48:17 +0000",
      "minecraft:skeleton": "2024-07-01 01:48:17 +0000",
      "minecraft:elder_guardian": "2024-07-01 01:48:17 +0000",
      "minecraft:zoglin": "2024-07-01 01:48:17 +0000",
      "minecraft:ravager": "2024-07-01 01:48:17 +0000",
      "minecraft:ghast": "2024-07-01 01:48:17 +0000",
      "minecraft:hoglin": "2024-07-01 01:48:17 +0000",
      "minecraft:guardian": "2024-07-01 01:48:17 +0000",
      "minecraft:vindicator": "2024-07-01 01:48:17 +0000",
      "minecraft:magma_cube": "2024-07-01 01:48:17 +0000",
      "minecraft:piglin_brute": "2024-07-01 01:48:17 +0000",
      "minecraft:spider": "2024-07-01 01:48:17 +0000",
      "minecraft:creeper": "2024-07-01 01:48:17 +0000",
      "minecraft:wither": "2024-07-01 01:48:17 +0000",
      "minecraft:evoker": "2024-07-01 01:48:17 +0000",
      "minecraft:slime": "2024-07-01 01:48:17 +0000",
      "minecraft:phantom": "2024-07-01 01:48:17 +0000",
      "minecraft:zombified_piglin": "2024-07-01 01:48:17 +0000",
      "minecraft:witch": "2024-07-01 01:48:17 +0000",
      "minecraft:wither_skeleton": "2024-07-01 01:48:17 +0000",
      "minecraft:husk": "2024-07-01 01:48:17 +0000",
      "minecraft:ender_dragon": "2024-07-01 01:48:17 +0000",
      "minecraft:shulker": "2024-07-01 01:48:17 +0000",
      "minecraft:cave_spider": "2024-07-01 01:48:17 +0000",
      "minecraft:piglin": "2024-07-01 01:48:17 +0000",
      "minecraft:enderman": "2024-07-01 01:48:17 +0000",
      "minecraft:silverfish": "2024-07-01 01:48:17 +0000",
      "minecraft:stray": "2024-07-01 01:48:17 +0000",
      "minecraft:endermite": "2024-07-01 01:48:17 +0000",
      "minecraft:vex": "2024-07-01 01:48:17 +0000",
      "minecraft:zombie": "2024-07-01 01:48:17 +0000",
      "minecraft:drowned": "2024-07-01 01:48:17 +0000",
      "minecraft:zombie_villager": "2024-07-01 01:48:17 +0000"
    },
    "done": true
  },
  "ags_day_counter:day_counter_root_advancement": {
    "criteria": {
      "day_counter_root_advancement": "2024-07-01 01:39:43 +0000"
    },
    "done": true
  },
  "incendium:technical/scroll_of_returning": {
    "criteria": {
      "log_spam_fixer": "2024-07-01 01:39:44 +0000"
    },
    "done": false
  },
  "majruszsdifficulty:recipes/misc/bandage": {
    "criteria": {
      "has_string": "2024-07-01 01:42:04 +0000"
    },
    "done": true
  },
  "mekanism:root": {
    "criteria": {
      "automatic": "2024-07-01 01:39:43 +0000"
    },
    "done": true
  },
  "mutantmonsters:root": {
    "criteria": {
      "killed_by_something": "2024-07-01 01:40:10 +0000"
    },
    "done": true
  },
  "minecraft:recipes/decorations/loom": {
    "criteria": {
      "has_string": "2024-07-01 01:42:04 +0000"
    },
    "done": true
  },
  "bunker_down:first_joined_world": {
    "criteria": {
      "first_joined_world": "2024-07-01 01:39:43 +0000"
    },
    "done": true
  },
  "minecraft:recipes/redstone/tripwire_hook": {
    "criteria": {
      "has_string": "2024-07-01 01:42:04 +0000"
    },
    "done": true
  },
  "parcool:grant_parcool_guide": {
    "criteria": {
      "tick": "2024-07-01 01:39:43 +0000"
    },
    "done": true
  },
  "minecraft:recipes/decorations/candle": {
    "criteria": {
      "has_string": "2024-07-01 01:42:04 +0000"
    },
    "done": true
  },
  "incendium:technical/using/ragnarok": {
    "criteria": {
      "log_spam_fixer": "2024-07-01 01:39:44 +0000"
    },
    "done": false
  },
  "minecraft:recipes/transportation/birch_boat": {
    "criteria": {
      "in_water": "2024-07-01 01:48:23 +0000"
    },
    "done": true
  },
  "minecraft:recipes/transportation/mangrove_boat": {
    "criteria": {
      "in_water": "2024-07-01 01:48:23 +0000"
    },
    "done": true
  },
  "incendium:technical/new_player": {
    "criteria": {
      "requirement": "2024-07-01 01:39:43 +0000"
    },
    "done": true
  },
  "minecraft:recipes/transportation/acacia_boat": {
    "criteria": {
      "in_water": "2024-07-01 01:48:23 +0000"
    },
    "done": true
  },
  "ags_day_counter:firts_day_advancement": {
    "criteria": {
      "firts_day_advancement": "2024-07-01 01:42:07 +0000"
    },
    "done": true
  },
  "minecraft:recipes/transportation/oak_boat": {
    "criteria": {
      "in_water": "2024-07-01 01:48:23 +0000"
    },
    "done": true
  },
  "minecraft:recipes/combat/crossbow": {
    "criteria": {
      "has_string": "2024-07-01 01:42:04 +0000"
    },
    "done": true
  },
  "minecraft:adventure/root": {
    "criteria": {
      "killed_by_something": "2024-07-01 01:40:10 +0000"
    },
    "done": true
  },
  "incendium:technical/using/shield": {
    "criteria": {
      "log_spam_fixer": "2024-07-01 01:39:44 +0000"
    },
    "done": false
  },
  "minecraft:recipes/transportation/jungle_boat": {
    "criteria": {
      "in_water": "2024-07-01 01:48:23 +0000"
    },
    "done": true
  },
  "ava:recipes/decorations/cobweb": {
    "criteria": {
      "has_string": "2024-07-01 01:42:04 +0000"
    },
    "done": true
  },
  "minecraft:recipes/transportation/spruce_boat": {
    "criteria": {
      "in_water": "2024-07-01 01:48:23 +0000"
    },
    "done": true
  },
  "majruszsdifficulty:game_stage_normal": {
    "criteria": {
      "is_triggered": "2024-07-01 01:39:43 +0000"
    },
    "done": true
  },
  "DataVersion": 3120
}